route_id,timestamp,latitude,longitude,speed_kmh,traffic_density,air_quality_index,weather,date,hour,day
R004,2025-08-01 13:17:05,14.69869,-17.35986,42,0.18,45,Rain,2025-08-01 13:17:05,13,Friday
R008,2025-08-03 23:00:53,14.67364,-17.51332,24,0.54,80,Sunny,2025-08-03 23:00:53,23,Sunday
R004,2025-08-07 20:50:58,14.68798,-17.47673,25,0.39,66,Sunny,2025-08-07 20:50:58,20,Thursday
R014,2025-08-01 15:15:26,14.65846,-17.36022,32,0.33,75,Sunny,2025-08-01 15:15:26,15,Friday
R007,2025-08-04 01:46:02,14.66586,-17.45096,21,0.43,71,Cloudy,2025-08-04 01:46:02,1,Monday
R001,2025-08-03 15:54:56,14.6615,-17.5108,20,0.35,60,Rain,2025-08-03 15:54:56,15,Sunday
R018,2025-08-06 08:11:38,14.68652,-17.44146,22,0.5,81,Sunny,2025-08-06 08:11:38,8,Wednesday
R019,2025-08-04 15:01:44,14.75027,-17.53519,27,0.47,58,Rain,2025-08-04 15:01:44,15,Monday
R001,2025-08-03 04:30:14,14.74485,-17.42249,39,0.15,45,Rain,2025-08-03 04:30:14,4,Sunday
R011,2025-08-04 14:56:09,14.71796,-17.46449,27,0.5,78,Sunny,2025-08-04 14:56:09,14,Monday
R011,2025-08-02 11:46:15,14.70335,-17.39889,38,0.18,57,Sunny,2025-08-02 11:46:15,11,Saturday
R004,2025-08-05 14:33:37,14.76603,-17.44213,31,0.31,74,Harmattan,2025-08-05 14:33:37,14,Tuesday
R020,2025-08-04 11:02:50,14.75634,-17.37785,28,0.25,50,Rain,2025-08-04 11:02:50,11,Monday
R015,2025-08-07 18:11:15,14.71744,-17.4094,18,0.46,85,Sunny,2025-08-07 18:11:15,18,Thursday
R013,2025-08-02 04:57:07,14.65669,-17.49427,40,0.19,58,Cloudy,2025-08-02 04:57:07,4,Saturday
R020,2025-08-05 15:20:01,14.69781,-17.42354,31,0.2,53,Cloudy,2025-08-05 15:20:01,15,Tuesday
R003,2025-08-01 19:20:50,14.6553,-17.43182,33,0.11,40,Rain,2025-08-01 19:20:50,19,Friday
R010,2025-08-02 05:14:27,14.77021,-17.37453,34,0.13,70,Harmattan,2025-08-02 05:14:27,5,Saturday
R004,2025-08-05 20:43:11,14.6621,-17.37056,36,0.2,61,Sunny,2025-08-05 20:43:11,20,Tuesday
R012,2025-08-03 05:22:35,14.73346,-17.53317,36,0.25,55,Cloudy,2025-08-03 05:22:35,5,Sunday
R007,2025-08-04 11:45:46,14.65066,-17.51784,25,0.36,61,Rain,2025-08-04 11:45:46,11,Monday
R003,2025-08-03 07:50:51,14.73445,-17.38016,27,0.35,61,Cloudy,2025-08-03 07:50:51,7,Sunday
R008,2025-08-03 05:35:39,14.77649,-17.47138,37,0.19,58,Cloudy,2025-08-03 05:35:39,5,Sunday
R009,2025-08-03 21:58:03,14.6865,-17.54514,36,0.15,38,Rain,2025-08-03 21:58:03,21,Sunday
R002,2025-08-04 00:42:54,14.76065,-17.48662,24,0.38,84,Harmattan,2025-08-04 00:42:54,0,Monday
R011,2025-08-06 02:50:51,14.76406,-17.40185,41,0.18,61,Sunny,2025-08-06 02:50:51,2,Wednesday
R007,2025-08-05 01:39:23,14.76272,-17.36735,33,0.21,55,Sunny,2025-08-05 01:39:23,1,Tuesday
R016,2025-08-06 01:14:10,14.66222,-17.43434,28,0.28,74,Harmattan,2025-08-06 01:14:10,1,Wednesday
R015,2025-08-02 23:36:51,14.71789,-17.396,36,0.26,71,Sunny,2025-08-02 23:36:51,23,Saturday
R008,2025-08-07 18:59:18,14.73287,-17.40478,23,0.33,64,Sunny,2025-08-07 18:59:18,18,Thursday
R019,2025-08-06 10:47:25,14.67253,-17.51871,28,0.42,92,Harmattan,2025-08-06 10:47:25,10,Wednesday
R013,2025-08-05 15:26:20,14.72952,-17.46608,33,0.27,64,Sunny,2025-08-05 15:26:20,15,Tuesday
R005,2025-08-07 10:24:37,14.71155,-17.51536,27,0.1,48,Cloudy,2025-08-07 10:24:37,10,Thursday
R002,2025-08-02 13:56:15,14.73136,-17.44937,31,0.2,63,Sunny,2025-08-02 13:56:15,13,Saturday
R006,2025-08-06 08:57:46,14.72481,-17.47237,23,0.19,54,Cloudy,2025-08-06 08:57:46,8,Wednesday
R013,2025-08-05 21:09:16,14.7677,-17.51084,29,0.16,57,Cloudy,2025-08-05 21:09:16,21,Tuesday
R015,2025-08-07 16:06:56,14.76407,-17.40299,12,0.74,85,Sunny,2025-08-07 16:06:56,16,Thursday
R018,2025-08-01 09:20:38,14.75093,-17.48184,20,0.69,73,Rain,2025-08-01 09:20:38,9,Friday
R004,2025-08-07 18:24:14,14.76642,-17.47216,27,0.5,68,Rain,2025-08-07 18:24:14,18,Thursday
R011,2025-08-02 14:29:30,14.7083,-17.49136,22,0.46,66,Sunny,2025-08-02 14:29:30,14,Saturday
R006,2025-08-06 18:09:23,14.7654,-17.47982,18,0.6,83,Sunny,2025-08-06 18:09:23,18,Wednesday
R009,2025-08-07 07:48:22,14.75684,-17.40875,20,0.65,64,Rain,2025-08-07 07:48:22,7,Thursday
R017,2025-08-02 12:59:39,14.76783,-17.52776,28,0.38,87,Harmattan,2025-08-02 12:59:39,12,Saturday
R010,2025-08-07 09:52:03,14.72584,-17.35757,34,0.21,58,Cloudy,2025-08-07 09:52:03,9,Thursday
R005,2025-08-05 18:54:37,14.718,-17.42412,29,0.18,50,Rain,2025-08-05 18:54:37,18,Tuesday
R018,2025-08-07 16:28:36,14.73062,-17.49452,15,0.59,97,Harmattan,2025-08-07 16:28:36,16,Thursday
R020,2025-08-05 04:25:02,14.67114,-17.36781,32,0.45,68,Cloudy,2025-08-05 04:25:02,4,Tuesday
R004,2025-08-05 15:43:32,14.75537,-17.35254,29,0.38,73,Harmattan,2025-08-05 15:43:32,15,Tuesday
R010,2025-08-04 03:44:43,14.68554,-17.53872,34,0.13,50,Sunny,2025-08-04 03:44:43,3,Monday
R019,2025-08-02 04:56:22,14.66679,-17.35919,31,0.07,54,Sunny,2025-08-02 04:56:22,4,Saturday
R016,2025-08-02 02:09:34,14.7504,-17.44597,37,0.26,56,Windy,2025-08-02 02:09:34,2,Saturday
R018,2025-08-02 18:37:49,14.65374,-17.39897,20,0.5,81,Sunny,2025-08-02 18:37:49,18,Saturday
R016,2025-08-03 06:05:48,14.69527,-17.4472,27,0.12,59,Sunny,2025-08-03 06:05:48,6,Sunday
R020,2025-08-06 09:14:52,14.68357,-17.45817,28,0.33,56,Windy,2025-08-06 09:14:52,9,Wednesday
R018,2025-08-03 16:35:22,14.69494,-17.37064,20,0.64,69,Rain,2025-08-03 16:35:22,16,Sunday
R013,2025-08-05 18:45:59,14.66153,-17.52587,33,0.15,55,Cloudy,2025-08-05 18:45:59,18,Tuesday
R017,2025-08-06 17:30:17,14.66063,-17.37528,19,0.6,85,Sunny,2025-08-06 17:30:17,17,Wednesday
R008,2025-08-02 00:38:56,14.67722,-17.47591,26,0.46,75,Sunny,2025-08-02 00:38:56,0,Saturday
R019,2025-08-04 01:01:32,14.71917,-17.52857,25,0.48,71,Cloudy,2025-08-04 01:01:32,1,Monday
R001,2025-08-02 02:40:41,14.69187,-17.50771,40,0.17,42,Rain,2025-08-02 02:40:41,2,Saturday
R002,2025-08-04 00:41:02,14.71982,-17.43263,30,0.34,63,Sunny,2025-08-04 00:41:02,0,Monday
R002,2025-08-05 06:14:39,14.7242,-17.47878,28,0.22,60,Sunny,2025-08-05 06:14:39,6,Tuesday
R008,2025-08-04 15:06:44,14.68706,-17.51533,29,0.18,46,Rain,2025-08-04 15:06:44,15,Monday
R007,2025-08-07 19:03:47,14.76252,-17.38659,41,0.32,71,Sunny,2025-08-07 19:03:47,19,Thursday
R019,2025-08-06 23:40:31,14.67432,-17.48526,26,0.31,70,Sunny,2025-08-06 23:40:31,23,Wednesday
R016,2025-08-06 04:33:53,14.72556,-17.51913,22,0.55,84,Sunny,2025-08-06 04:33:53,4,Wednesday
R004,2025-08-06 11:33:09,14.72743,-17.45568,30,0.26,59,Cloudy,2025-08-06 11:33:09,11,Wednesday
R014,2025-08-06 22:01:50,14.67356,-17.5367,31,0.17,70,Harmattan,2025-08-06 22:01:50,22,Wednesday
R002,2025-08-02 10:39:58,14.75589,-17.41696,29,0.23,67,Sunny,2025-08-02 10:39:58,10,Saturday
R011,2025-08-02 13:49:36,14.699,-17.45746,27,0.42,76,Sunny,2025-08-02 13:49:36,13,Saturday
R007,2025-08-07 18:12:16,14.73115,-17.52662,24,0.66,86,Cloudy,2025-08-07 18:12:16,18,Thursday
R014,2025-08-03 11:26:41,14.71935,-17.37122,43,0.15,56,Sunny,2025-08-03 11:26:41,11,Sunday
R008,2025-08-02 03:57:26,14.75676,-17.52787,23,0.34,61,Cloudy,2025-08-02 03:57:26,3,Saturday
R018,2025-08-02 10:31:04,14.74389,-17.40599,19,0.47,76,Sunny,2025-08-02 10:31:04,10,Saturday
R018,2025-08-01 10:17:54,14.70211,-17.4576,19,0.49,69,Windy,2025-08-01 10:17:54,10,Friday
R008,2025-08-03 06:26:29,14.76338,-17.36358,27,0.35,58,Cloudy,2025-08-03 06:26:29,6,Sunday
R016,2025-08-03 20:15:30,14.74574,-17.36313,29,0.48,91,Harmattan,2025-08-03 20:15:30,20,Sunday
R002,2025-08-03 05:57:14,14.70187,-17.53905,26,0.39,65,Cloudy,2025-08-03 05:57:14,5,Sunday
R013,2025-08-04 11:14:45,14.6951,-17.4025,22,0.32,75,Harmattan,2025-08-04 11:14:45,11,Monday
R015,2025-08-04 17:05:05,14.70446,-17.36703,13,0.84,88,Cloudy,2025-08-04 17:05:05,17,Monday
R018,2025-08-07 03:45:11,14.77959,-17.44956,32,0.21,62,Sunny,2025-08-07 03:45:11,3,Thursday
R010,2025-08-03 21:24:35,14.67479,-17.54269,23,0.52,63,Windy,2025-08-03 21:24:35,21,Sunday
R019,2025-08-07 19:55:32,14.72275,-17.51895,24,0.35,69,Sunny,2025-08-07 19:55:32,19,Thursday
R011,2025-08-01 22:39:02,14.6703,-17.40681,32,0.22,64,Sunny,2025-08-01 22:39:02,22,Friday
R016,2025-08-07 08:27:56,14.68096,-17.53011,40,0.14,66,Harmattan,2025-08-07 08:27:56,8,Thursday
R017,2025-08-03 03:51:20,14.67665,-17.49137,28,0.05,58,Sunny,2025-08-03 03:51:20,3,Sunday
R017,2025-08-02 05:20:02,14.68485,-17.42517,43,0.21,74,Harmattan,2025-08-02 05:20:02,5,Saturday
R003,2025-08-02 01:47:42,14.75398,-17.46496,22,0.37,50,Rain,2025-08-02 01:47:42,1,Saturday
R008,2025-08-06 03:36:29,14.72204,-17.41972,33,0.27,66,Sunny,2025-08-06 03:36:29,3,Wednesday
R019,2025-08-04 05:42:55,14.76887,-17.46625,22,0.51,67,Cloudy,2025-08-04 05:42:55,5,Monday
R002,2025-08-02 05:52:45,14.70061,-17.49226,36,0.39,65,Cloudy,2025-08-02 05:52:45,5,Saturday
R019,2025-08-07 14:16:17,14.77179,-17.40349,20,0.45,73,Sunny,2025-08-07 14:16:17,14,Thursday
R009,2025-08-03 17:29:41,14.65977,-17.40436,30,0.53,68,Rain,2025-08-03 17:29:41,17,Sunday
R011,2025-08-04 03:31:20,14.74031,-17.49557,29,0.05,57,Sunny,2025-08-04 03:31:20,3,Monday
R005,2025-08-04 21:22:49,14.74519,-17.38869,32,0.18,54,Cloudy,2025-08-04 21:22:49,21,Monday
R003,2025-08-01 08:42:47,14.7784,-17.36119,25,0.51,77,Cloudy,2025-08-01 08:42:47,8,Friday
R019,2025-08-02 11:07:17,14.75979,-17.48618,27,0.21,66,Sunny,2025-08-02 11:07:17,11,Saturday
R007,2025-08-07 09:20:58,14.74422,-17.53693,18,0.79,88,Sunny,2025-08-07 09:20:58,9,Thursday
R012,2025-08-02 02:02:12,14.65317,-17.37598,37,0.29,75,Harmattan,2025-08-02 02:02:12,2,Saturday
R012,2025-08-04 17:00:30,14.70225,-17.45402,14,0.5,73,Sunny,2025-08-04 17:00:30,17,Monday
R018,2025-08-04 22:06:52,14.66436,-17.47908,19,0.41,62,Cloudy,2025-08-04 22:06:52,22,Monday
R017,2025-08-01 08:16:43,14.73835,-17.50635,32,0.49,68,Rain,2025-08-01 08:16:43,8,Friday
R018,2025-08-04 21:12:01,14.71665,-17.50387,22,0.44,66,Windy,2025-08-04 21:12:01,21,Monday
R004,2025-08-02 21:06:54,14.77598,-17.37324,30,0.31,64,Sunny,2025-08-02 21:06:54,21,Saturday
R004,2025-08-03 03:16:38,14.71981,-17.43141,31,0.2,65,Sunny,2025-08-03 03:16:38,3,Sunday
R020,2025-08-03 19:21:01,14.72161,-17.5326,28,0.2,50,Rain,2025-08-03 19:21:01,19,Sunday
R007,2025-08-04 10:53:27,14.6599,-17.37976,36,0.06,44,Cloudy,2025-08-04 10:53:27,10,Monday
R009,2025-08-01 20:47:46,14.72355,-17.49659,35,0.23,64,Sunny,2025-08-01 20:47:46,20,Friday
R014,2025-08-04 14:35:20,14.73842,-17.42628,28,0.33,70,Sunny,2025-08-04 14:35:20,14,Monday
R011,2025-08-02 20:06:14,14.75634,-17.38357,32,0.21,51,Rain,2025-08-02 20:06:14,20,Saturday
R009,2025-08-03 05:03:50,14.7202,-17.39403,47,0.08,35,Rain,2025-08-03 05:03:50,5,Sunday
R018,2025-08-06 10:34:22,14.77116,-17.5295,27,0.36,57,Cloudy,2025-08-06 10:34:22,10,Wednesday
R004,2025-08-02 03:54:58,14.73072,-17.54085,28,0.38,55,Windy,2025-08-02 03:54:58,3,Saturday
R005,2025-08-07 20:54:52,14.75015,-17.41334,26,0.31,69,Sunny,2025-08-07 20:54:52,20,Thursday
R012,2025-08-03 01:08:07,14.66071,-17.4139,40,0.06,55,Cloudy,2025-08-03 01:08:07,1,Sunday
R002,2025-08-04 23:47:12,14.70169,-17.49516,32,0.08,54,Cloudy,2025-08-04 23:47:12,23,Monday
R002,2025-08-05 14:13:10,14.76237,-17.45536,37,0.23,63,Sunny,2025-08-05 14:13:10,14,Tuesday
R008,2025-08-02 11:56:26,14.75355,-17.4537,27,0.27,54,Cloudy,2025-08-02 11:56:26,11,Saturday
R018,2025-08-06 04:21:57,14.65835,-17.43361,20,0.38,57,Windy,2025-08-06 04:21:57,4,Wednesday
R005,2025-08-04 02:57:17,14.74035,-17.37798,26,0.31,75,Harmattan,2025-08-04 02:57:17,2,Monday
R006,2025-08-06 06:05:22,14.73036,-17.40951,30,0.2,57,Sunny,2025-08-06 06:05:22,6,Wednesday
R011,2025-08-06 05:55:12,14.72378,-17.41211,32,0.24,54,Rain,2025-08-06 05:55:12,5,Wednesday
R008,2025-08-04 11:42:46,14.65411,-17.36276,35,0.3,70,Sunny,2025-08-04 11:42:46,11,Monday
R004,2025-08-05 21:25:24,14.66041,-17.37104,43,0.19,74,Harmattan,2025-08-05 21:25:24,21,Tuesday
R016,2025-08-03 22:47:18,14.66061,-17.53793,34,0.2,60,Sunny,2025-08-03 22:47:18,22,Sunday
R015,2025-08-05 11:50:43,14.7222,-17.40616,25,0.5,70,Sunny,2025-08-05 11:50:43,11,Tuesday
R008,2025-08-03 22:55:52,14.76288,-17.40457,39,0.09,61,Sunny,2025-08-03 22:55:52,22,Sunday
R007,2025-08-06 02:03:41,14.71327,-17.37532,28,0.35,75,Sunny,2025-08-06 02:03:41,2,Wednesday
R003,2025-08-04 15:18:03,14.7453,-17.52369,33,0.26,61,Cloudy,2025-08-04 15:18:03,15,Monday
R017,2025-08-06 02:24:53,14.70789,-17.44704,28,0.31,58,Rain,2025-08-06 02:24:53,2,Wednesday
R018,2025-08-05 06:27:15,14.75055,-17.52383,30,0.19,57,Windy,2025-08-05 06:27:15,6,Tuesday
R004,2025-08-04 10:05:03,14.70602,-17.50026,27,0.42,81,Sunny,2025-08-04 10:05:03,10,Monday
R009,2025-08-01 17:08:35,14.75974,-17.38887,23,0.52,81,Sunny,2025-08-01 17:08:35,17,Friday
R014,2025-08-05 10:41:19,14.65511,-17.52558,30,0.42,61,Rain,2025-08-05 10:41:19,10,Tuesday
R011,2025-08-06 13:06:32,14.70912,-17.44688,28,0.43,70,Cloudy,2025-08-06 13:06:32,13,Wednesday
R017,2025-08-02 15:41:03,14.77609,-17.53122,37,0.07,50,Cloudy,2025-08-02 15:41:03,15,Saturday
R019,2025-08-03 13:21:52,14.7728,-17.41335,32,0.44,76,Sunny,2025-08-03 13:21:52,13,Sunday
R014,2025-08-01 06:29:33,14.7012,-17.41975,38,0.07,50,Cloudy,2025-08-01 06:29:33,6,Friday
R018,2025-08-03 15:23:26,14.76421,-17.46917,26,0.46,69,Cloudy,2025-08-03 15:23:26,15,Sunday
R003,2025-08-05 06:10:39,14.72078,-17.54885,18,0.38,57,Cloudy,2025-08-05 06:10:39,6,Tuesday
R004,2025-08-04 21:28:30,14.68088,-17.47535,33,0.3,51,Cloudy,2025-08-04 21:28:30,21,Monday
R014,2025-08-05 05:00:27,14.65333,-17.48175,23,0.32,64,Cloudy,2025-08-05 05:00:27,5,Tuesday
R010,2025-08-02 19:04:30,14.75569,-17.40638,21,0.47,69,Sunny,2025-08-02 19:04:30,19,Saturday
R013,2025-08-03 08:41:20,14.68703,-17.48854,17,0.72,88,Cloudy,2025-08-03 08:41:20,8,Sunday
R010,2025-08-06 04:16:40,14.70376,-17.52562,25,0.39,59,Cloudy,2025-08-06 04:16:40,4,Wednesday
R001,2025-08-04 22:30:35,14.77518,-17.45329,29,0.33,70,Sunny,2025-08-04 22:30:35,22,Monday
R014,2025-08-05 03:51:42,14.75649,-17.37316,24,0.21,53,Cloudy,2025-08-05 03:51:42,3,Tuesday
R015,2025-08-03 20:14:42,14.75694,-17.46525,23,0.3,62,Cloudy,2025-08-03 20:14:42,20,Sunday
R006,2025-08-02 06:41:54,14.74579,-17.37744,41,0.22,59,Sunny,2025-08-02 06:41:54,6,Saturday
R020,2025-08-05 07:37:50,14.72728,-17.45065,27,0.59,83,Sunny,2025-08-05 07:37:50,7,Tuesday
R008,2025-08-05 00:24:58,14.72519,-17.49517,25,0.22,61,Sunny,2025-08-05 00:24:58,0,Tuesday
R007,2025-08-03 00:55:11,14.71748,-17.53648,41,0.12,51,Sunny,2025-08-03 00:55:11,0,Sunday
R008,2025-08-07 00:23:36,14.73703,-17.35117,39,0.05,45,Cloudy,2025-08-07 00:23:36,0,Thursday
R003,2025-08-06 18:38:58,14.77449,-17.51494,41,0.15,58,Cloudy,2025-08-06 18:38:58,18,Wednesday
R019,2025-08-03 14:38:00,14.75341,-17.36456,31,0.18,50,Rain,2025-08-03 14:38:00,14,Sunday
R013,2025-08-07 05:59:52,14.75946,-17.44581,38,0.13,48,Cloudy,2025-08-07 05:59:52,5,Thursday
R005,2025-08-01 07:36:54,14.69682,-17.53247,29,0.54,88,Harmattan,2025-08-01 07:36:54,7,Friday
R004,2025-08-06 09:49:58,14.71704,-17.36612,26,0.43,75,Sunny,2025-08-06 09:49:58,9,Wednesday
R017,2025-08-06 21:18:35,14.68961,-17.53382,27,0.25,64,Sunny,2025-08-06 21:18:35,21,Wednesday
R008,2025-08-02 17:20:53,14.75692,-17.5235,10,0.77,85,Cloudy,2025-08-02 17:20:53,17,Saturday
R015,2025-08-07 16:42:12,14.65886,-17.54484,31,0.2,51,Windy,2025-08-07 16:42:12,16,Thursday
R020,2025-08-05 02:25:11,14.7158,-17.4621,25,0.34,58,Windy,2025-08-05 02:25:11,2,Tuesday
R015,2025-08-07 09:01:38,14.77933,-17.53844,23,0.47,67,Cloudy,2025-08-07 09:01:38,9,Thursday
R018,2025-08-06 15:52:54,14.77957,-17.38721,30,0.05,65,Harmattan,2025-08-06 15:52:54,15,Wednesday
R016,2025-08-06 17:05:32,14.6753,-17.47645,27,0.47,75,Sunny,2025-08-06 17:05:32,17,Wednesday
R008,2025-08-04 14:46:22,14.71257,-17.54616,22,0.4,50,Rain,2025-08-04 14:46:22,14,Monday
R017,2025-08-07 03:08:56,14.75977,-17.53038,17,0.45,67,Cloudy,2025-08-07 03:08:56,3,Thursday
R009,2025-08-06 14:07:19,14.70128,-17.45811,34,0.24,56,Sunny,2025-08-06 14:07:19,14,Wednesday
R010,2025-08-04 02:18:04,14.75931,-17.54231,33,0.08,57,Sunny,2025-08-04 02:18:04,2,Monday
R011,2025-08-07 19:19:50,14.72981,-17.53667,32,0.17,60,Sunny,2025-08-07 19:19:50,19,Thursday
R005,2025-08-04 01:21:35,14.65937,-17.53575,26,0.32,67,Cloudy,2025-08-04 01:21:35,1,Monday
R005,2025-08-03 20:19:05,14.67408,-17.51518,34,0.33,63,Sunny,2025-08-03 20:19:05,20,Sunday
R014,2025-08-05 06:22:34,14.66578,-17.427,48,0.14,60,Cloudy,2025-08-05 06:22:34,6,Tuesday
R014,2025-08-02 00:08:10,14.74725,-17.38765,29,0.12,49,Sunny,2025-08-02 00:08:10,0,Saturday
R014,2025-08-05 23:26:36,14.72968,-17.36138,32,0.05,69,Harmattan,2025-08-05 23:26:36,23,Tuesday
R019,2025-08-01 11:41:20,14.75607,-17.37773,32,0.4,80,Harmattan,2025-08-01 11:41:20,11,Friday
R019,2025-08-05 20:47:38,14.72085,-17.35307,28,0.25,52,Cloudy,2025-08-05 20:47:38,20,Tuesday
R012,2025-08-04 20:58:38,14.75929,-17.40344,37,0.35,57,Rain,2025-08-04 20:58:38,20,Monday
R014,2025-08-07 18:46:05,14.74895,-17.51799,19,0.57,62,Rain,2025-08-07 18:46:05,18,Thursday
R018,2025-08-03 22:14:11,14.7453,-17.4268,21,0.28,58,Cloudy,2025-08-03 22:14:11,22,Sunday
R009,2025-08-06 12:56:47,14.76396,-17.35073,30,0.07,54,Cloudy,2025-08-06 12:56:47,12,Wednesday
R013,2025-08-05 07:54:17,14.70364,-17.41088,25,0.67,74,Rain,2025-08-05 07:54:17,7,Tuesday
R013,2025-08-03 06:04:21,14.72299,-17.43787,38,0.1,73,Harmattan,2025-08-03 06:04:21,6,Sunday
R005,2025-08-07 17:34:29,14.66002,-17.53829,12,0.67,85,Sunny,2025-08-07 17:34:29,17,Thursday
R013,2025-08-01 13:53:38,14.70642,-17.53228,33,0.1,60,Sunny,2025-08-01 13:53:38,13,Friday
R014,2025-08-02 21:31:31,14.66538,-17.46802,21,0.2,69,Harmattan,2025-08-02 21:31:31,21,Saturday
R006,2025-08-01 20:38:47,14.69349,-17.54476,20,0.44,76,Sunny,2025-08-01 20:38:47,20,Friday
R011,2025-08-03 19:39:01,14.70956,-17.45341,32,0.26,57,Cloudy,2025-08-03 19:39:01,19,Sunday
R011,2025-08-05 20:25:42,14.74952,-17.51822,34,0.11,52,Sunny,2025-08-05 20:25:42,20,Tuesday
R014,2025-08-04 07:28:45,14.76781,-17.50009,38,0.27,74,Harmattan,2025-08-04 07:28:45,7,Monday
R016,2025-08-01 11:38:44,14.65437,-17.53747,38,0.05,33,Rain,2025-08-01 11:38:44,11,Friday
R002,2025-08-05 11:56:00,14.74501,-17.35374,34,0.28,65,Sunny,2025-08-05 11:56:00,11,Tuesday
R003,2025-08-01 17:43:33,14.72911,-17.4801,23,0.36,58,Rain,2025-08-01 17:43:33,17,Friday
R008,2025-08-03 16:04:04,14.6588,-17.40843,21,0.52,95,Harmattan,2025-08-03 16:04:04,16,Sunday
R020,2025-08-03 02:23:04,14.7101,-17.46765,35,0.15,55,Sunny,2025-08-03 02:23:04,2,Sunday
R016,2025-08-02 15:19:06,14.67141,-17.48396,30,0.28,54,Cloudy,2025-08-02 15:19:06,15,Saturday
R007,2025-08-06 21:27:03,14.77805,-17.3956,28,0.33,53,Rain,2025-08-06 21:27:03,21,Wednesday
R012,2025-08-03 06:52:19,14.75083,-17.3571,28,0.51,77,Cloudy,2025-08-03 06:52:19,6,Sunday
R004,2025-08-03 05:42:00,14.75373,-17.47081,32,0.17,51,Windy,2025-08-03 05:42:00,5,Sunday
R004,2025-08-01 13:28:45,14.67395,-17.3712,26,0.2,79,Harmattan,2025-08-01 13:28:45,13,Friday
R019,2025-08-05 19:18:57,14.77573,-17.46645,45,0.16,55,Cloudy,2025-08-05 19:18:57,19,Tuesday
R007,2025-08-02 04:08:08,14.66032,-17.4037,31,0.24,62,Cloudy,2025-08-02 04:08:08,4,Saturday
R008,2025-08-02 11:40:51,14.71125,-17.38567,30,0.05,43,Rain,2025-08-02 11:40:51,11,Saturday
R010,2025-08-02 17:15:35,14.66308,-17.50203,17,0.59,75,Rain,2025-08-02 17:15:35,17,Saturday
R019,2025-08-01 17:57:44,14.69581,-17.38171,23,0.46,73,Sunny,2025-08-01 17:57:44,17,Friday
R014,2025-08-05 17:56:11,14.67273,-17.37885,27,0.5,85,Sunny,2025-08-05 17:56:11,17,Tuesday
R011,2025-08-01 09:41:06,14.68969,-17.50747,30,0.45,89,Harmattan,2025-08-01 09:41:06,9,Friday
R016,2025-08-02 12:44:25,14.7372,-17.43791,13,0.39,69,Cloudy,2025-08-02 12:44:25,12,Saturday
R012,2025-08-06 19:54:31,14.77698,-17.52786,32,0.3,55,Rain,2025-08-06 19:54:31,19,Wednesday
R014,2025-08-03 09:18:12,14.74802,-17.38902,29,0.24,57,Rain,2025-08-03 09:18:12,9,Sunday
R009,2025-08-07 18:45:15,14.66255,-17.50162,19,0.43,64,Rain,2025-08-07 18:45:15,18,Thursday
R015,2025-08-06 12:52:12,14.766,-17.51293,26,0.33,85,Harmattan,2025-08-06 12:52:12,12,Wednesday
R019,2025-08-04 12:10:33,14.65827,-17.38373,41,0.12,57,Sunny,2025-08-04 12:10:33,12,Monday
R008,2025-08-02 07:14:32,14.71727,-17.46391,26,0.36,73,Sunny,2025-08-02 07:14:32,7,Saturday
R015,2025-08-04 05:01:49,14.72892,-17.42374,26,0.32,63,Rain,2025-08-04 05:01:49,5,Monday
R019,2025-08-05 20:23:19,14.77357,-17.42987,35,0.09,49,Sunny,2025-08-05 20:23:19,20,Tuesday
R016,2025-08-05 04:40:02,14.71142,-17.54087,24,0.25,57,Sunny,2025-08-05 04:40:02,4,Tuesday
R007,2025-08-05 13:21:00,14.67691,-17.44669,25,0.22,49,Rain,2025-08-05 13:21:00,13,Tuesday
R011,2025-08-04 15:27:23,14.77113,-17.4706,34,0.33,88,Harmattan,2025-08-04 15:27:23,15,Monday
R009,2025-08-01 08:57:24,14.77907,-17.5237,15,0.62,80,Cloudy,2025-08-01 08:57:24,8,Friday
R007,2025-08-02 06:56:11,14.72903,-17.48813,44,0.17,58,Sunny,2025-08-02 06:56:11,6,Saturday
R014,2025-08-07 04:18:31,14.70931,-17.47619,33,0.07,46,Cloudy,2025-08-07 04:18:31,4,Thursday
R008,2025-08-07 00:40:19,14.77242,-17.41629,41,0.06,44,Rain,2025-08-07 00:40:19,0,Thursday
R016,2025-08-06 16:32:25,14.74412,-17.52589,23,0.43,59,Rain,2025-08-06 16:32:25,16,Wednesday
R003,2025-08-04 19:42:08,14.68836,-17.4528,35,0.27,68,Sunny,2025-08-04 19:42:08,19,Monday
R008,2025-08-04 23:11:20,14.74002,-17.46401,25,0.37,56,Rain,2025-08-04 23:11:20,23,Monday
R012,2025-08-06 23:50:49,14.75691,-17.37849,37,0.16,57,Cloudy,2025-08-06 23:50:49,23,Wednesday
R012,2025-08-06 09:56:13,14.69869,-17.51663,19,0.72,88,Windy,2025-08-06 09:56:13,9,Wednesday
R018,2025-08-05 06:20:59,14.69428,-17.53566,27,0.1,50,Cloudy,2025-08-05 06:20:59,6,Tuesday
R015,2025-08-04 12:54:36,14.73948,-17.52189,27,0.26,63,Sunny,2025-08-04 12:54:36,12,Monday
R008,2025-08-02 17:08:36,14.65402,-17.4724,36,0.18,51,Rain,2025-08-02 17:08:36,17,Saturday
R011,2025-08-02 16:49:22,14.77792,-17.49232,11,0.72,77,Rain,2025-08-02 16:49:22,16,Saturday
R006,2025-08-03 13:47:25,14.72198,-17.44166,26,0.25,63,Sunny,2025-08-03 13:47:25,13,Sunday
R016,2025-08-04 14:32:10,14.68513,-17.35672,29,0.12,39,Rain,2025-08-04 14:32:10,14,Monday
R017,2025-08-04 16:25:45,14.71356,-17.46964,26,0.33,71,Windy,2025-08-04 16:25:45,16,Monday
R007,2025-08-04 20:17:16,14.67961,-17.35719,47,0.07,52,Sunny,2025-08-04 20:17:16,20,Monday
R006,2025-08-04 22:02:30,14.66623,-17.39116,30,0.33,72,Sunny,2025-08-04 22:02:30,22,Monday
R018,2025-08-02 18:52:11,14.72654,-17.47493,22,0.29,78,Sunny,2025-08-02 18:52:11,18,Saturday
R002,2025-08-04 19:05:27,14.72505,-17.37688,31,0.34,54,Rain,2025-08-04 19:05:27,19,Monday
R005,2025-08-07 04:58:43,14.76102,-17.46217,38,0.23,63,Sunny,2025-08-07 04:58:43,4,Thursday
R001,2025-08-04 16:49:11,14.65249,-17.45463,19,0.44,66,Cloudy,2025-08-04 16:49:11,16,Monday
R015,2025-08-05 09:14:16,14.67739,-17.35851,25,0.62,86,Sunny,2025-08-05 09:14:16,9,Tuesday
R002,2025-08-04 07:32:22,14.74626,-17.52143,30,0.42,65,Windy,2025-08-04 07:32:22,7,Monday
R016,2025-08-02 15:13:49,14.66009,-17.46849,27,0.15,71,Harmattan,2025-08-02 15:13:49,15,Saturday
R013,2025-08-07 05:13:53,14.65999,-17.44988,22,0.22,59,Sunny,2025-08-07 05:13:53,5,Thursday
R002,2025-08-03 02:11:37,14.75445,-17.36415,38,0.15,53,Sunny,2025-08-03 02:11:37,2,Sunday
R019,2025-08-04 22:29:54,14.77727,-17.4293,13,0.48,83,Sunny,2025-08-04 22:29:54,22,Monday
R008,2025-08-02 16:30:05,14.65933,-17.41348,29,0.47,81,Cloudy,2025-08-02 16:30:05,16,Saturday
R014,2025-08-03 23:44:10,14.66857,-17.39493,24,0.42,56,Rain,2025-08-03 23:44:10,23,Sunday
R013,2025-08-06 17:13:18,14.65002,-17.44777,23,0.44,83,Harmattan,2025-08-06 17:13:18,17,Wednesday
R010,2025-08-06 10:54:20,14.69112,-17.52962,33,0.23,66,Sunny,2025-08-06 10:54:20,10,Wednesday
R020,2025-08-01 23:32:36,14.69905,-17.35718,44,0.22,60,Cloudy,2025-08-01 23:32:36,23,Friday
R004,2025-08-03 18:31:21,14.65057,-17.51661,28,0.38,63,Cloudy,2025-08-03 18:31:21,18,Sunday
R009,2025-08-02 05:38:51,14.75164,-17.42117,30,0.17,49,Sunny,2025-08-02 05:38:51,5,Saturday
R006,2025-08-02 03:51:51,14.67715,-17.47626,35,0.19,62,Sunny,2025-08-02 03:51:51,3,Saturday
R014,2025-08-06 17:13:07,14.7114,-17.37397,44,0.11,39,Rain,2025-08-06 17:13:07,17,Wednesday
R016,2025-08-04 18:50:07,14.74602,-17.48687,35,0.08,52,Sunny,2025-08-04 18:50:07,18,Monday
R010,2025-08-04 16:20:51,14.6645,-17.44683,16,0.63,67,Rain,2025-08-04 16:20:51,16,Monday
R015,2025-08-02 02:43:57,14.71407,-17.46914,28,0.38,53,Rain,2025-08-02 02:43:57,2,Saturday
R009,2025-08-03 15:37:08,14.75062,-17.39542,29,0.36,71,Cloudy,2025-08-03 15:37:08,15,Sunday
R018,2025-08-03 23:28:49,14.69525,-17.47565,32,0.24,49,Rain,2025-08-03 23:28:49,23,Sunday
R009,2025-08-02 23:25:45,14.70174,-17.48942,22,0.44,80,Sunny,2025-08-02 23:25:45,23,Saturday
R006,2025-08-04 23:35:54,14.65752,-17.35844,24,0.21,55,Cloudy,2025-08-04 23:35:54,23,Monday
R019,2025-08-04 18:03:50,14.73091,-17.39374,31,0.28,56,Cloudy,2025-08-04 18:03:50,18,Monday
R015,2025-08-04 22:34:22,14.68379,-17.48096,32,0.17,42,Rain,2025-08-04 22:34:22,22,Monday
R009,2025-08-07 07:46:23,14.66746,-17.35841,13,0.69,81,Cloudy,2025-08-07 07:46:23,7,Thursday
R015,2025-08-02 05:25:49,14.75491,-17.45807,28,0.05,46,Cloudy,2025-08-02 05:25:49,5,Saturday
R014,2025-08-05 03:52:58,14.77488,-17.51061,35,0.29,55,Cloudy,2025-08-05 03:52:58,3,Tuesday
R001,2025-08-02 08:36:03,14.6595,-17.42553,32,0.46,78,Sunny,2025-08-02 08:36:03,8,Saturday
R019,2025-08-01 12:02:33,14.73666,-17.51746,42,0.09,50,Windy,2025-08-01 12:02:33,12,Friday
R009,2025-08-01 17:43:05,14.69182,-17.38039,40,0.27,50,Rain,2025-08-01 17:43:05,17,Friday
R006,2025-08-06 23:02:35,14.70172,-17.36609,18,0.29,65,Cloudy,2025-08-06 23:02:35,23,Wednesday
R015,2025-08-04 15:01:08,14.75238,-17.4998,35,0.05,51,Sunny,2025-08-04 15:01:08,15,Monday
R019,2025-08-06 12:57:38,14.77356,-17.43368,42,0.26,45,Rain,2025-08-06 12:57:38,12,Wednesday
R016,2025-08-02 08:34:34,14.76623,-17.36071,24,0.24,53,Cloudy,2025-08-02 08:34:34,8,Saturday
R014,2025-08-05 07:04:59,14.6931,-17.37899,29,0.45,76,Sunny,2025-08-05 07:04:59,7,Tuesday
R004,2025-08-03 04:50:37,14.69318,-17.41128,24,0.21,59,Sunny,2025-08-03 04:50:37,4,Sunday
R016,2025-08-04 17:56:58,14.66662,-17.39689,16,0.28,48,Rain,2025-08-04 17:56:58,17,Monday
R013,2025-08-01 16:41:19,14.67995,-17.54971,12,0.69,87,Cloudy,2025-08-01 16:41:19,16,Friday
R011,2025-08-04 07:30:59,14.75618,-17.51368,26,0.11,52,Sunny,2025-08-04 07:30:59,7,Monday
R013,2025-08-07 11:53:13,14.74221,-17.51654,34,0.17,76,Harmattan,2025-08-07 11:53:13,11,Thursday
R001,2025-08-07 20:02:30,14.74867,-17.5295,43,0.11,54,Cloudy,2025-08-07 20:02:30,20,Thursday
R002,2025-08-03 12:38:14,14.7403,-17.4042,28,0.16,48,Cloudy,2025-08-03 12:38:14,12,Sunday
R020,2025-08-07 07:11:47,14.77721,-17.37869,16,0.43,70,Cloudy,2025-08-07 07:11:47,7,Thursday
R002,2025-08-03 17:17:26,14.74548,-17.47313,21,0.55,85,Sunny,2025-08-03 17:17:26,17,Sunday
R005,2025-08-04 17:53:40,14.77571,-17.53967,23,0.66,77,Cloudy,2025-08-04 17:53:40,17,Monday
R016,2025-08-02 17:22:04,14.76249,-17.51855,28,0.25,66,Sunny,2025-08-02 17:22:04,17,Saturday
R020,2025-08-04 03:42:01,14.73123,-17.43565,32,0.3,58,Rain,2025-08-04 03:42:01,3,Monday
R010,2025-08-01 09:58:58,14.70259,-17.53633,21,0.29,60,Cloudy,2025-08-01 09:58:58,9,Friday
R003,2025-08-03 23:26:55,14.69861,-17.36111,36,0.27,56,Windy,2025-08-03 23:26:55,23,Sunday
R004,2025-08-06 20:24:23,14.68592,-17.4636,32,0.17,49,Windy,2025-08-06 20:24:23,20,Wednesday
R005,2025-08-07 07:09:44,14.74159,-17.46545,18,0.44,71,Windy,2025-08-07 07:09:44,7,Thursday
R010,2025-08-07 10:13:10,14.77591,-17.42927,34,0.21,53,Rain,2025-08-07 10:13:10,10,Thursday
R014,2025-08-07 02:32:17,14.68476,-17.54698,31,0.27,56,Windy,2025-08-07 02:32:17,2,Thursday
R008,2025-08-06 19:02:55,14.72639,-17.40977,24,0.47,64,Cloudy,2025-08-06 19:02:55,19,Wednesday
R013,2025-08-03 13:31:09,14.77449,-17.47019,29,0.16,72,Harmattan,2025-08-03 13:31:09,13,Sunday
R017,2025-08-02 21:45:39,14.70642,-17.49826,43,0.13,66,Harmattan,2025-08-02 21:45:39,21,Saturday
R009,2025-08-06 06:51:38,14.66188,-17.51015,26,0.22,69,Sunny,2025-08-06 06:51:38,6,Wednesday
R017,2025-08-04 11:49:10,14.72888,-17.41543,33,0.16,72,Harmattan,2025-08-04 11:49:10,11,Monday
R010,2025-08-04 20:57:38,14.73018,-17.40142,37,0.13,63,Harmattan,2025-08-04 20:57:38,20,Monday
